{
   "2": {
      "Median": 125,
      "1SDSminus": 37.75510204,
      "1SDSplus": 90.81632653
   },
   "3": {
      "Median": 119,
      "1SDSminus": 35.71428571,
      "1SDSplus": 86.73469388
   },
   "4": {
      "Median": 118,
      "1SDSminus": 35.20408163,
      "1SDSplus": 84.18367347
   },
   "5": {
      "Median": 119,
      "1SDSminus": 35.20408163,
      "1SDSplus": 85.20408163
   },
   "6": {
      "Median": 124,
      "1SDSminus": 36.73469388,
      "1SDSplus": 88.26530612
   },
   "7": {
      "Median": 140,
      "1SDSminus": 39.79591837,
      "1SDSplus": 89.79591837
   },
   "8": {
      "Median": 155,
      "1SDSminus": 43.36734694,
      "1SDSplus": 96.42857143
   },
   "9": {
      "Median": 178,
      "1SDSminus": 49.48979592,
      "1SDSplus": 107.6530612
   },
   "10": {
      "Median": 210,
      "1SDSminus": 57.65306122,
      "1SDSplus": 123.9795918
   },
   "11": {
      "Median": 259,
      "1SDSminus": 69.89795918,
      "1SDSplus": 148.9795918
   },
   "12": {
      "Median": 324,
      "1SDSminus": 86.2244898,
      "1SDSplus": 181.6326531
   },
   "13": {
      "Median": 391,
      "1SDSminus": 102.5510204,
      "1SDSplus": 211.2244898
   },
   "14": {
      "Median": 446,
      "1SDSminus": 114.2857143,
      "1SDSplus": 229.5918367
   },
   "15": {
      "Median": 467,
      "1SDSminus": 116.8367347,
      "1SDSplus": 229.5918367
   },
   "16": {
      "Median": 438,
      "1SDSminus": 107.1428571,
      "1SDSplus": 204.5918367
   },
   "17": {
      "Median": 363,
      "1SDSminus": 86.2244898,
      "1SDSplus": 161.7346939
   },
   "18": {
      "Median": 296,
      "1SDSminus": 68.36734694,
      "1SDSplus": 125
   },
   "19": {
      "Median": 247,
      "1SDSminus": 55.6122449,
      "1SDSplus": 99.48979592
   },
   "20": {
      "Median": 217,
      "1SDSminus": 48.46938776,
      "1SDSplus": 85.20408163
   },
   "1-7 days": {
      "Median": 13,
      "1SDSminus": 1.530612245,
      "1SDSplus": 9.693877551
   },
   "8-15 days": {
      "Median": 25,
      "1SDSminus": 7.142857143,
      "1SDSplus": 8.163265306
   },
   "0.5-6 months": {
      "Median": 155,
      "1SDSminus": 54.59183673,
      "1SDSplus": 80.6122449
   },
   "6-12 months": {
      "Median": 140,
      "1SDSminus": 42.34693878,
      "1SDSplus": 104.0816327
   },
   "1.0 year": {
      "Median": 134,
      "1SDSminus": 40.30612245,
      "1SDSplus": 98.46938776
   }
}