{
   "2": {
      "Median": 16.375,
      "1SDSminus": 4.945918367,
      "1SDSplus": 11.89693878
   },
   "3": {
      "Median": 15.589,
      "1SDSminus": 4.678571429,
      "1SDSplus": 11.3622449
   },
   "4": {
      "Median": 15.458,
      "1SDSminus": 4.611734694,
      "1SDSplus": 11.02806122
   },
   "5": {
      "Median": 15.589,
      "1SDSminus": 4.611734694,
      "1SDSplus": 11.16173469
   },
   "6": {
      "Median": 16.244,
      "1SDSminus": 4.812244898,
      "1SDSplus": 11.5627551
   },
   "7": {
      "Median": 18.34,
      "1SDSminus": 5.213265306,
      "1SDSplus": 11.76326531
   },
   "8": {
      "Median": 20.305,
      "1SDSminus": 5.681122449,
      "1SDSplus": 12.63214286
   },
   "9": {
      "Median": 23.318,
      "1SDSminus": 6.483163265,
      "1SDSplus": 14.10255102
   },
   "10": {
      "Median": 27.51,
      "1SDSminus": 7.55255102,
      "1SDSplus": 16.24132653
   },
   "11": {
      "Median": 33.929,
      "1SDSminus": 9.156632653,
      "1SDSplus": 19.51632653
   },
   "12": {
      "Median": 42.444,
      "1SDSminus": 11.29540816,
      "1SDSplus": 23.79387755
   },
   "13": {
      "Median": 51.221,
      "1SDSminus": 13.43418367,
      "1SDSplus": 27.67040816
   },
   "14": {
      "Median": 58.426,
      "1SDSminus": 14.97142857,
      "1SDSplus": 30.07653061
   },
   "15": {
      "Median": 61.177,
      "1SDSminus": 15.30561224,
      "1SDSplus": 30.07653061
   },
   "16": {
      "Median": 57.378,
      "1SDSminus": 14.03571429,
      "1SDSplus": 26.80153061
   },
   "17": {
      "Median": 47.553,
      "1SDSminus": 11.29540816,
      "1SDSplus": 21.1872449
   },
   "18": {
      "Median": 38.776,
      "1SDSminus": 8.956122449,
      "1SDSplus": 16.375
   },
   "19": {
      "Median": 32.357,
      "1SDSminus": 7.285204082,
      "1SDSplus": 13.03316327
   },
   "20": {
      "Median": 28.427,
      "1SDSminus": 6.349489796,
      "1SDSplus": 11.16173469
   },
   "1-7 days": {
      "Median": 1.703,
      "1SDSminus": 0.200510204,
      "1SDSplus": 1.269897959
   },
   "8-15 days": {
      "Median": 3.275,
      "1SDSminus": 0.935714286,
      "1SDSplus": 1.069387755
   },
   "0.5-6 months": {
      "Median": 20.305,
      "1SDSminus": 7.151530612,
      "1SDSplus": 10.56020408
   },
   "6-12 months": {
      "Median": 18.34,
      "1SDSminus": 5.54744898,
      "1SDSplus": 13.63469388
   },
   "1.0 year": {
      "Median": 17.554,
      "1SDSminus": 5.280102041,
      "1SDSplus": 12.8994898
   }
}