{
   "2": {
      "-2 SDS": 6.483163265,
      "- 1 SDS": 11.42908163,
      "Median": 16.375,
      "+ 1 SDS": 28.27193878,
      "+ 2 SDS": 40.16887755,
      "1 SDS minus": 4.945918367,
      "1 SDS plus": 11.89693878,
      "0.1. Perz.": 4.061,
      "2.5. Perz.": 6.681,
      "97.5. Perz.": 39.693
   },
   "3": {
      "-2 SDS": 6.231857143,
      "- 1 SDS": 10.91042857,
      "Median": 15.589,
      "+ 1 SDS": 26.9512449,
      "+ 2 SDS": 38.3134898,
      "1 SDS minus": 4.678571429,
      "1 SDS plus": 11.3622449,
      "0.1. Perz.": 3.93,
      "2.5. Perz.": 6.419,
      "97.5. Perz.": 37.859
   },
   "4": {
      "-2 SDS": 6.234530612,
      "- 1 SDS": 10.84626531,
      "Median": 15.458,
      "+ 1 SDS": 26.48606122,
      "+ 2 SDS": 37.51412245,
      "1 SDS minus": 4.611734694,
      "1 SDS plus": 11.02806122,
      "0.1. Perz.": 3.799,
      "2.5. Perz.": 6.419,
      "97.5. Perz.": 37.073
   },
   "5": {
      "-2 SDS": 6.365530612,
      "- 1 SDS": 10.97726531,
      "Median": 15.589,
      "+ 1 SDS": 26.75073469,
      "+ 2 SDS": 37.91246939,
      "1 SDS minus": 4.611734694,
      "1 SDS plus": 11.16173469,
      "0.1. Perz.": 3.93,
      "2.5. Perz.": 6.55,
      "97.5. Perz.": 37.466
   },
   "6": {
      "-2 SDS": 6.619510204,
      "- 1 SDS": 11.4317551,
      "Median": 16.244,
      "+ 1 SDS": 27.8067551,
      "+ 2 SDS": 39.3695102,
      "1 SDS minus": 4.812244898,
      "1 SDS plus": 11.5627551,
      "0.1. Perz.": 4.061,
      "2.5. Perz.": 6.812,
      "97.5. Perz.": 38.907
   },
   "7": {
      "-2 SDS": 7.913469388,
      "- 1 SDS": 13.12673469,
      "Median": 18.34,
      "+ 1 SDS": 30.10326531,
      "+ 2 SDS": 41.86653061,
      "1 SDS minus": 5.213265306,
      "1 SDS plus": 11.76326531,
      "0.1. Perz.": 5.109,
      "2.5. Perz.": 8.122,
      "97.5. Perz.": 41.396
   },
   "8": {
      "-2 SDS": 8.942755102,
      "- 1 SDS": 14.62387755,
      "Median": 20.305,
      "+ 1 SDS": 32.93714286,
      "+ 2 SDS": 45.56928571,
      "1 SDS minus": 5.681122449,
      "1 SDS plus": 12.63214286,
      "0.1. Perz.": 5.764,
      "2.5. Perz.": 9.17,
      "97.5. Perz.": 45.064
   },
   "9": {
      "-2 SDS": 10.35167347,
      "- 1 SDS": 16.83483673,
      "Median": 23.318,
      "+ 1 SDS": 37.42055102,
      "+ 2 SDS": 51.52310204,
      "1 SDS minus": 6.483163265,
      "1 SDS plus": 14.10255102,
      "0.1. Perz.": 6.812,
      "2.5. Perz.": 10.611,
      "97.5. Perz.": 50.959
   },
   "10": {
      "-2 SDS": 12.40489796,
      "- 1 SDS": 19.95744898,
      "Median": 27.51,
      "+ 1 SDS": 43.75132653,
      "+ 2 SDS": 59.99265306,
      "1 SDS minus": 7.55255102,
      "1 SDS plus": 16.24132653,
      "0.1. Perz.": 8.122,
      "2.5. Perz.": 12.707,
      "97.5. Perz.": 59.343
   },
   "11": {
      "-2 SDS": 15.61573469,
      "- 1 SDS": 24.77236735,
      "Median": 33.929,
      "+ 1 SDS": 53.44532653,
      "+ 2 SDS": 72.96165306,
      "1 SDS minus": 9.156632653,
      "1 SDS plus": 19.51632653,
      "0.1. Perz.": 10.349,
      "2.5. Perz.": 15.982,
      "97.5. Perz.": 72.181
   },
   "12": {
      "-2 SDS": 19.85318367,
      "- 1 SDS": 31.14859184,
      "Median": 42.444,
      "+ 1 SDS": 66.23787755,
      "+ 2 SDS": 90.0317551,
      "1 SDS minus": 11.29540816,
      "1 SDS plus": 23.79387755,
      "0.1. Perz.": 13.231,
      "2.5. Perz.": 20.305,
      "97.5. Perz.": 89.08
   },
   "13": {
      "-2 SDS": 24.35263265,
      "- 1 SDS": 37.78681633,
      "Median": 51.221,
      "+ 1 SDS": 78.89140816,
      "+ 2 SDS": 106.5618163,
      "1 SDS minus": 13.43418367,
      "1 SDS plus": 27.67040816,
      "0.1. Perz.": 16.375,
      "2.5. Perz.": 24.89,
      "97.5. Perz.": 105.455
   },
   "14": {
      "-2 SDS": 28.48314286,
      "- 1 SDS": 43.45457143,
      "Median": 58.426,
      "+ 1 SDS": 88.50253061,
      "+ 2 SDS": 118.5790612,
      "1 SDS minus": 14.97142857,
      "1 SDS plus": 30.07653061,
      "0.1. Perz.": 19.388,
      "2.5. Perz.": 29.082,
      "97.5. Perz.": 117.376
   },
   "15": {
      "-2 SDS": 30.56577551,
      "- 1 SDS": 45.87138776,
      "Median": 61.177,
      "+ 1 SDS": 91.25353061,
      "+ 2 SDS": 121.3300612,
      "1 SDS minus": 15.30561224,
      "1 SDS plus": 30.07653061,
      "0.1. Perz.": 21.091,
      "2.5. Perz.": 31.178,
      "97.5. Perz.": 120.127
   },
   "16": {
      "-2 SDS": 29.30657143,
      "- 1 SDS": 43.34228571,
      "Median": 57.378,
      "+ 1 SDS": 84.17953061,
      "+ 2 SDS": 110.9810612,
      "1 SDS minus": 14.03571429,
      "1 SDS plus": 26.80153061,
      "0.1. Perz.": 20.567,
      "2.5. Perz.": 29.868,
      "97.5. Perz.": 109.909
   },
   "17": {
      "-2 SDS": 24.96218367,
      "- 1 SDS": 36.25759184,
      "Median": 47.553,
      "+ 1 SDS": 68.7402449,
      "+ 2 SDS": 89.9274898,
      "1 SDS minus": 11.29540816,
      "1 SDS plus": 21.1872449,
      "0.1. Perz.": 17.685,
      "2.5. Perz.": 25.414,
      "97.5. Perz.": 89.08
   },
   "18": {
      "-2 SDS": 20.8637551,
      "- 1 SDS": 29.81987755,
      "Median": 38.776,
      "+ 1 SDS": 55.151,
      "+ 2 SDS": 71.526,
      "1 SDS minus": 8.956122449,
      "1 SDS plus": 16.375,
      "0.1. Perz.": 14.934,
      "2.5. Perz.": 21.222,
      "97.5. Perz.": 70.871
   },
   "19": {
      "-2 SDS": 17.78659184,
      "- 1 SDS": 25.07179592,
      "Median": 32.357,
      "+ 1 SDS": 45.39016327,
      "+ 2 SDS": 58.42332653,
      "1 SDS minus": 7.285204082,
      "1 SDS plus": 13.03316327,
      "0.1. Perz.": 12.969,
      "2.5. Perz.": 18.078,
      "97.5. Perz.": 57.902
   },
   "20": {
      "-2 SDS": 15.72802041,
      "- 1 SDS": 22.0775102,
      "Median": 28.427,
      "+ 1 SDS": 39.58873469,
      "+ 2 SDS": 50.75046939,
      "1 SDS minus": 6.349489796,
      "1 SDS plus": 11.16173469,
      "0.1. Perz.": 11.528,
      "2.5. Perz.": 15.982,
      "97.5. Perz.": 50.304
   },
   "1-7 days": {
      "-2 SDS": 1.301979592,
      "- 1 SDS": 1.502489796,
      "Median": 1.703,
      "+ 1 SDS": 2.972897959,
      "+ 2 SDS": 4.242795918,
      "1 SDS minus": 0.200510204,
      "1 SDS plus": 1.269897959,
      "0.1. Perz.": 1.31,
      "2.5. Perz.": 1.31,
      "97.5. Perz.": 4.192
   },
   "8-15 days": {
      "-2 SDS": 1.403571429,
      "- 1 SDS": 2.339285714,
      "Median": 3.275,
      "+ 1 SDS": 4.344387755,
      "+ 2 SDS": 5.41377551,
      "1 SDS minus": 0.935714286,
      "1 SDS plus": 1.069387755,
      "0.1. Perz.": 1.31,
      "2.5. Perz.": 1.441,
      "97.5. Perz.": 5.371
   },
   "0.5-6 months": {
      "-2 SDS": 6.001938776,
      "- 1 SDS": 13.15346939,
      "Median": 20.305,
      "+ 1 SDS": 30.86520408,
      "+ 2 SDS": 41.42540816,
      "1 SDS minus": 7.151530612,
      "1 SDS plus": 10.56020408,
      "0.1. Perz.": 5.109,
      "2.5. Perz.": 6.288,
      "97.5. Perz.": 41.003
   },
   "6-12 months": {
      "-2 SDS": 7.245102041,
      "- 1 SDS": 12.79255102,
      "Median": 18.34,
      "+ 1 SDS": 31.97469388,
      "+ 2 SDS": 45.60938776,
      "1 SDS minus": 5.54744898,
      "1 SDS plus": 13.63469388,
      "0.1. Perz.": 4.454,
      "2.5. Perz.": 7.467,
      "97.5. Perz.": 45.064
   },
   "1.0 year": {
      "-2 SDS": 6.993795918,
      "- 1 SDS": 12.27389796,
      "Median": 17.554,
      "+ 1 SDS": 30.4534898,
      "+ 2 SDS": 43.35297959,
      "1 SDS minus": 5.280102041,
      "1 SDS plus": 12.8994898,
      "0.1. Perz.": 4.323,
      "2.5. Perz.": 7.205,
      "97.5. Perz.": 42.837
   }
}