{
   "2": {
      "Median": 125,
      "1SDSminus": 37.75510204,
      "1SDSplus": 90.81632653
   },
   "3": {
      "Median": 119,
      "1SDSminus": 35.71428571,
      "1SDSplus": 86.73469388
   },
   "4": {
      "Median": 118,
      "1SDSminus": 35.20408163,
      "1SDSplus": 84.18367347
   },
   "5": {
      "Median": 119,
      "1SDSminus": 35.20408163,
      "1SDSplus": 85.20408163
   },
   "6": {
      "Median": 124,
      "1SDSminus": 36.73469388,
      "1SDSplus": 88.26530612
   },
   "7": {
      "Median": 125,
      "1SDSminus": 37.24489796,
      "1SDSplus": 89.28571429
   },
   "8": {
      "Median": 139,
      "1SDSminus": 41.32653061,
      "1SDSplus": 96.93877551
   },
   "9": {
      "Median": 159,
      "1SDSminus": 46.93877551,
      "1SDSplus": 109.1836735
   },
   "10": {
      "Median": 188,
      "1SDSminus": 55.10204082,
      "1SDSplus": 127.5510204
   },
   "11": {
      "Median": 233,
      "1SDSminus": 67.34693878,
      "1SDSplus": 155.6122449
   },
   "12": {
      "Median": 301,
      "1SDSminus": 86.73469388,
      "1SDSplus": 198.4693878
   },
   "13": {
      "Median": 388,
      "1SDSminus": 110.2040816,
      "1SDSplus": 246.9387755
   },
   "14": {
      "Median": 470,
      "1SDSminus": 130.1020408,
      "1SDSplus": 283.6734694
   },
   "15": {
      "Median": 500,
      "1SDSminus": 134.6938776,
      "1SDSplus": 285.7142857
   },
   "16": {
      "Median": 468,
      "1SDSminus": 122.9591837,
      "1SDSplus": 253.0612245
   },
   "17": {
      "Median": 398,
      "1SDSminus": 101.5306122,
      "1SDSplus": 202.5510204
   },
   "18": {
      "Median": 330,
      "1SDSminus": 81.63265306,
      "1SDSplus": 158.1632653
   },
   "19": {
      "Median": 278,
      "1SDSminus": 66.83673469,
      "1SDSplus": 127.0408163
   },
   "20": {
      "Median": 246,
      "1SDSminus": 58.16326531,
      "1SDSplus": 107.6530612
   },
   "1-7 days": {
      "Median": 13,
      "1SDSminus": 1.530612245,
      "1SDSplus": 9.693877551
   },
   "8-15 days": {
      "Median": 25,
      "1SDSminus": 7.142857143,
      "1SDSplus": 8.163265306
   },
   "0.5-6 months": {
      "Median": 155,
      "1SDSminus": 54.59183673,
      "1SDSplus": 80.6122449
   },
   "6-12 months": {
      "Median": 140,
      "1SDSminus": 42.34693878,
      "1SDSplus": 104.0816327
   },
   "1.0 year": {
      "Median": 134,
      "1SDSminus": 40.30612245,
      "1SDSplus": 98.46938776
   }
}