{
   "2": {
      "Median": 16.375,
      "1SDSminus": 4.945918367,
      "1SDSplus": 11.89693878
   },
   "3": {
      "Median": 15.589,
      "1SDSminus": 4.678571429,
      "1SDSplus": 11.3622449
   },
   "4": {
      "Median": 15.458,
      "1SDSminus": 4.611734694,
      "1SDSplus": 11.02806122
   },
   "5": {
      "Median": 15.589,
      "1SDSminus": 4.611734694,
      "1SDSplus": 11.16173469
   },
   "6": {
      "Median": 16.244,
      "1SDSminus": 4.812244898,
      "1SDSplus": 11.5627551
   },
   "7": {
      "Median": 16.375,
      "1SDSminus": 4.879081633,
      "1SDSplus": 11.69642857
   },
   "8": {
      "Median": 18.209,
      "1SDSminus": 5.41377551,
      "1SDSplus": 12.69897959
   },
   "9": {
      "Median": 20.829,
      "1SDSminus": 6.148979592,
      "1SDSplus": 14.30306122
   },
   "10": {
      "Median": 24.628,
      "1SDSminus": 7.218367347,
      "1SDSplus": 16.70918367
   },
   "11": {
      "Median": 30.523,
      "1SDSminus": 8.82244898,
      "1SDSplus": 20.38520408
   },
   "12": {
      "Median": 39.431,
      "1SDSminus": 11.3622449,
      "1SDSplus": 25.9994898
   },
   "13": {
      "Median": 50.828,
      "1SDSminus": 14.43673469,
      "1SDSplus": 32.34897959
   },
   "14": {
      "Median": 61.57,
      "1SDSminus": 17.04336735,
      "1SDSplus": 37.16122449
   },
   "15": {
      "Median": 65.5,
      "1SDSminus": 17.64489796,
      "1SDSplus": 37.42857143
   },
   "16": {
      "Median": 61.308,
      "1SDSminus": 16.10765306,
      "1SDSplus": 33.15102041
   },
   "17": {
      "Median": 52.138,
      "1SDSminus": 13.3005102,
      "1SDSplus": 26.53418367
   },
   "18": {
      "Median": 43.23,
      "1SDSminus": 10.69387755,
      "1SDSplus": 20.71938776
   },
   "19": {
      "Median": 36.418,
      "1SDSminus": 8.755612245,
      "1SDSplus": 16.64234694
   },
   "20": {
      "Median": 32.226,
      "1SDSminus": 7.619387755,
      "1SDSplus": 14.10255102
   },
   "1-7 days": {
      "Median": 1.703,
      "1SDSminus": 0.200510204,
      "1SDSplus": 1.269897959
   },
   "8-15 days": {
      "Median": 3.275,
      "1SDSminus": 0.935714286,
      "1SDSplus": 1.069387755
   },
   "0.5-6 months": {
      "Median": 20.305,
      "1SDSminus": 7.151530612,
      "1SDSplus": 10.56020408
   },
   "6-12 months": {
      "Median": 18.34,
      "1SDSminus": 5.54744898,
      "1SDSplus": 13.63469388
   },
   "1.0 year": {
      "Median": 17.554,
      "1SDSminus": 5.280102041,
      "1SDSplus": 12.8994898
   }
}