{
	"male" : {
		"ng_ml"	: {
   "2": {
      "Median": 125,
      "1SDSminus": 37.75510204,
      "1SDSplus": 90.81632653
   },
   "3": {
      "Median": 119,
      "1SDSminus": 35.71428571,
      "1SDSplus": 86.73469388
   },
   "4": {
      "Median": 118,
      "1SDSminus": 35.20408163,
      "1SDSplus": 84.18367347
   },
   "5": {
      "Median": 119,
      "1SDSminus": 35.20408163,
      "1SDSplus": 85.20408163
   },
   "6": {
      "Median": 124,
      "1SDSminus": 36.73469388,
      "1SDSplus": 88.26530612
   },
   "7": {
      "Median": 125,
      "1SDSminus": 37.24489796,
      "1SDSplus": 89.28571429
   },
   "8": {
      "Median": 139,
      "1SDSminus": 41.32653061,
      "1SDSplus": 96.93877551
   },
   "9": {
      "Median": 159,
      "1SDSminus": 46.93877551,
      "1SDSplus": 109.1836735
   },
   "10": {
      "Median": 188,
      "1SDSminus": 55.10204082,
      "1SDSplus": 127.5510204
   },
   "11": {
      "Median": 233,
      "1SDSminus": 67.34693878,
      "1SDSplus": 155.6122449
   },
   "12": {
      "Median": 301,
      "1SDSminus": 86.73469388,
      "1SDSplus": 198.4693878
   },
   "13": {
      "Median": 388,
      "1SDSminus": 110.2040816,
      "1SDSplus": 246.9387755
   },
   "14": {
      "Median": 470,
      "1SDSminus": 130.1020408,
      "1SDSplus": 283.6734694
   },
   "15": {
      "Median": 500,
      "1SDSminus": 134.6938776,
      "1SDSplus": 285.7142857
   },
   "16": {
      "Median": 468,
      "1SDSminus": 122.9591837,
      "1SDSplus": 253.0612245
   },
   "17": {
      "Median": 398,
      "1SDSminus": 101.5306122,
      "1SDSplus": 202.5510204
   },
   "18": {
      "Median": 330,
      "1SDSminus": 81.63265306,
      "1SDSplus": 158.1632653
   },
   "19": {
      "Median": 278,
      "1SDSminus": 66.83673469,
      "1SDSplus": 127.0408163
   },
   "20": {
      "Median": 246,
      "1SDSminus": 58.16326531,
      "1SDSplus": 107.6530612
   },
   "1-7 days": {
      "Median": 13,
      "1SDSminus": 1.530612245,
      "1SDSplus": 9.693877551
   },
   "8-15 days": {
      "Median": 25,
      "1SDSminus": 7.142857143,
      "1SDSplus": 8.163265306
   },
   "0.5-6 months": {
      "Median": 155,
      "1SDSminus": 54.59183673,
      "1SDSplus": 80.6122449
   },
   "6-12 months": {
      "Median": 140,
      "1SDSminus": 42.34693878,
      "1SDSplus": 104.0816327
   },
   "1.0 year": {
      "Median": 134,
      "1SDSminus": 40.30612245,
      "1SDSplus": 98.46938776
   }
},
		"mol_L" : {
   "2": {
      "Median": 16.375,
      "1SDSminus": 4.945918367,
      "1SDSplus": 11.89693878
   },
   "3": {
      "Median": 15.589,
      "1SDSminus": 4.678571429,
      "1SDSplus": 11.3622449
   },
   "4": {
      "Median": 15.458,
      "1SDSminus": 4.611734694,
      "1SDSplus": 11.02806122
   },
   "5": {
      "Median": 15.589,
      "1SDSminus": 4.611734694,
      "1SDSplus": 11.16173469
   },
   "6": {
      "Median": 16.244,
      "1SDSminus": 4.812244898,
      "1SDSplus": 11.5627551
   },
   "7": {
      "Median": 16.375,
      "1SDSminus": 4.879081633,
      "1SDSplus": 11.69642857
   },
   "8": {
      "Median": 18.209,
      "1SDSminus": 5.41377551,
      "1SDSplus": 12.69897959
   },
   "9": {
      "Median": 20.829,
      "1SDSminus": 6.148979592,
      "1SDSplus": 14.30306122
   },
   "10": {
      "Median": 24.628,
      "1SDSminus": 7.218367347,
      "1SDSplus": 16.70918367
   },
   "11": {
      "Median": 30.523,
      "1SDSminus": 8.82244898,
      "1SDSplus": 20.38520408
   },
   "12": {
      "Median": 39.431,
      "1SDSminus": 11.3622449,
      "1SDSplus": 25.9994898
   },
   "13": {
      "Median": 50.828,
      "1SDSminus": 14.43673469,
      "1SDSplus": 32.34897959
   },
   "14": {
      "Median": 61.57,
      "1SDSminus": 17.04336735,
      "1SDSplus": 37.16122449
   },
   "15": {
      "Median": 65.5,
      "1SDSminus": 17.64489796,
      "1SDSplus": 37.42857143
   },
   "16": {
      "Median": 61.308,
      "1SDSminus": 16.10765306,
      "1SDSplus": 33.15102041
   },
   "17": {
      "Median": 52.138,
      "1SDSminus": 13.3005102,
      "1SDSplus": 26.53418367
   },
   "18": {
      "Median": 43.23,
      "1SDSminus": 10.69387755,
      "1SDSplus": 20.71938776
   },
   "19": {
      "Median": 36.418,
      "1SDSminus": 8.755612245,
      "1SDSplus": 16.64234694
   },
   "20": {
      "Median": 32.226,
      "1SDSminus": 7.619387755,
      "1SDSplus": 14.10255102
   },
   "1-7 days": {
      "Median": 1.703,
      "1SDSminus": 0.200510204,
      "1SDSplus": 1.269897959
   },
   "8-15 days": {
      "Median": 3.275,
      "1SDSminus": 0.935714286,
      "1SDSplus": 1.069387755
   },
   "0.5-6 months": {
      "Median": 20.305,
      "1SDSminus": 7.151530612,
      "1SDSplus": 10.56020408
   },
   "6-12 months": {
      "Median": 18.34,
      "1SDSminus": 5.54744898,
      "1SDSplus": 13.63469388
   },
   "1.0 year": {
      "Median": 17.554,
      "1SDSminus": 5.280102041,
      "1SDSplus": 12.8994898
   }
}
	},
	"female" : {
      "ng_ml"  : {
   "2": {
      "Median": 125,
      "1SDSminus": 37.75510204,
      "1SDSplus": 90.81632653
   },
   "3": {
      "Median": 119,
      "1SDSminus": 35.71428571,
      "1SDSplus": 86.73469388
   },
   "4": {
      "Median": 118,
      "1SDSminus": 35.20408163,
      "1SDSplus": 84.18367347
   },
   "5": {
      "Median": 119,
      "1SDSminus": 35.20408163,
      "1SDSplus": 85.20408163
   },
   "6": {
      "Median": 124,
      "1SDSminus": 36.73469388,
      "1SDSplus": 88.26530612
   },
   "7": {
      "Median": 140,
      "1SDSminus": 39.79591837,
      "1SDSplus": 89.79591837
   },
   "8": {
      "Median": 155,
      "1SDSminus": 43.36734694,
      "1SDSplus": 96.42857143
   },
   "9": {
      "Median": 178,
      "1SDSminus": 49.48979592,
      "1SDSplus": 107.6530612
   },
   "10": {
      "Median": 210,
      "1SDSminus": 57.65306122,
      "1SDSplus": 123.9795918
   },
   "11": {
      "Median": 259,
      "1SDSminus": 69.89795918,
      "1SDSplus": 148.9795918
   },
   "12": {
      "Median": 324,
      "1SDSminus": 86.2244898,
      "1SDSplus": 181.6326531
   },
   "13": {
      "Median": 391,
      "1SDSminus": 102.5510204,
      "1SDSplus": 211.2244898
   },
   "14": {
      "Median": 446,
      "1SDSminus": 114.2857143,
      "1SDSplus": 229.5918367
   },
   "15": {
      "Median": 467,
      "1SDSminus": 116.8367347,
      "1SDSplus": 229.5918367
   },
   "16": {
      "Median": 438,
      "1SDSminus": 107.1428571,
      "1SDSplus": 204.5918367
   },
   "17": {
      "Median": 363,
      "1SDSminus": 86.2244898,
      "1SDSplus": 161.7346939
   },
   "18": {
      "Median": 296,
      "1SDSminus": 68.36734694,
      "1SDSplus": 125
   },
   "19": {
      "Median": 247,
      "1SDSminus": 55.6122449,
      "1SDSplus": 99.48979592
   },
   "20": {
      "Median": 217,
      "1SDSminus": 48.46938776,
      "1SDSplus": 85.20408163
   },
   "1-7 days": {
      "Median": 13,
      "1SDSminus": 1.530612245,
      "1SDSplus": 9.693877551
   },
   "8-15 days": {
      "Median": 25,
      "1SDSminus": 7.142857143,
      "1SDSplus": 8.163265306
   },
   "0.5-6 months": {
      "Median": 155,
      "1SDSminus": 54.59183673,
      "1SDSplus": 80.6122449
   },
   "6-12 months": {
      "Median": 140,
      "1SDSminus": 42.34693878,
      "1SDSplus": 104.0816327
   },
   "1.0 year": {
      "Median": 134,
      "1SDSminus": 40.30612245,
      "1SDSplus": 98.46938776
   }
},
		"mol_L" : {
   "2": {
      "Median": 16.375,
      "1SDSminus": 4.945918367,
      "1SDSplus": 11.89693878
   },
   "3": {
      "Median": 15.589,
      "1SDSminus": 4.678571429,
      "1SDSplus": 11.3622449
   },
   "4": {
      "Median": 15.458,
      "1SDSminus": 4.611734694,
      "1SDSplus": 11.02806122
   },
   "5": {
      "Median": 15.589,
      "1SDSminus": 4.611734694,
      "1SDSplus": 11.16173469
   },
   "6": {
      "Median": 16.244,
      "1SDSminus": 4.812244898,
      "1SDSplus": 11.5627551
   },
   "7": {
      "Median": 18.34,
      "1SDSminus": 5.213265306,